{
  "director": {
    "precision": 0.873015873015873,
    "recall": 0.8870967741935484,
    "f1-score": 0.88,
    "support": 62
  },
  "actor": {
    "precision": 0.96875,
    "recall": 0.6595744680851063,
    "f1-score": 0.7848101265822784,
    "support": 47
  },
  "movie_title": {
    "precision": 0.9595959595959596,
    "recall": 0.8370044052863436,
    "f1-score": 0.8941176470588235,
    "support": 227
  },
  "micro avg": {
    "precision": 0.9419795221843004,
    "recall": 0.8214285714285714,
    "f1-score": 0.87758346581876,
    "support": 336
  },
  "macro avg": {
    "precision": 0.9337872775372776,
    "recall": 0.7945585491883328,
    "f1-score": 0.852975924547034,
    "support": 336
  },
  "weighted avg": {
    "precision": 0.9449003480811516,
    "recall": 0.8214285714285714,
    "f1-score": 0.8762225649753571,
    "support": 336
  }
}