{
  "director": {
    "precision": 0.864406779661017,
    "recall": 0.8225806451612904,
    "f1-score": 0.8429752066115702,
    "support": 62
  },
  "actor": {
    "precision": 0.9642857142857143,
    "recall": 0.574468085106383,
    "f1-score": 0.7200000000000001,
    "support": 47
  },
  "movie_title": {
    "precision": 0.9595959595959596,
    "recall": 0.8370044052863436,
    "f1-score": 0.8941176470588235,
    "support": 227
  },
  "micro avg": {
    "precision": 0.9403508771929825,
    "recall": 0.7976190476190477,
    "f1-score": 0.8631239935587762,
    "support": 336
  },
  "macro avg": {
    "precision": 0.9294294845142304,
    "recall": 0.7446843785180056,
    "f1-score": 0.8190309512234646,
    "support": 336
  },
  "weighted avg": {
    "precision": 0.9426872968413524,
    "recall": 0.7976190476190477,
    "f1-score": 0.8603249068222331,
    "support": 336
  }
}