{
  "movie_search_by_actor": {
    "precision": 0.8095238095238095,
    "recall": 0.7727272727272727,
    "f1-score": 0.7906976744186046,
    "support": 22
  },
  "search_similar_movies": {
    "precision": 0.8181818181818182,
    "recall": 0.8181818181818182,
    "f1-score": 0.8181818181818182,
    "support": 11
  },
  "movie_search_by_director": {
    "precision": 0.8275862068965517,
    "recall": 0.8275862068965517,
    "f1-score": 0.8275862068965517,
    "support": 29
  },
  "search_movie_actors": {
    "precision": 0.9583333333333334,
    "recall": 0.92,
    "f1-score": 0.9387755102040817,
    "support": 25
  },
  "search_overview_for_movie": {
    "precision": 0.5714285714285714,
    "recall": 0.36363636363636365,
    "f1-score": 0.4444444444444444,
    "support": 11
  },
  "release_year_search_by_movie": {
    "precision": 0.6888888888888889,
    "recall": 0.8611111111111112,
    "f1-score": 0.7654320987654321,
    "support": 36
  },
  "search_movie_director": {
    "precision": 0.75,
    "recall": 0.6,
    "f1-score": 0.6666666666666665,
    "support": 15
  },
  "micro avg": {
    "precision": 0.785234899328859,
    "recall": 0.785234899328859,
    "f1-score": 0.7852348993288589,
    "support": 149
  },
  "macro avg": {
    "precision": 0.7748489468932819,
    "recall": 0.737606110364731,
    "f1-score": 0.7502549170825142,
    "support": 149
  },
  "weighted avg": {
    "precision": 0.7859300095877277,
    "recall": 0.785234899328859,
    "f1-score": 0.7805985304480254,
    "support": 149
  }
}