{
  "movie_title": {
    "precision": 0.9605263157894737,
    "recall": 0.8202247191011236,
    "f1-score": 0.8848484848484848,
    "support": 89
  },
  "director": {
    "precision": 0.7692307692307693,
    "recall": 0.47619047619047616,
    "f1-score": 0.588235294117647,
    "support": 21
  },
  "micro avg": {
    "precision": 0.9325842696629213,
    "recall": 0.7545454545454545,
    "f1-score": 0.8341708542713567,
    "support": 110
  },
  "macro avg": {
    "precision": 0.8648785425101215,
    "recall": 0.6482075976457999,
    "f1-score": 0.7365418894830659,
    "support": 110
  },
  "weighted avg": {
    "precision": 0.9240062569009937,
    "recall": 0.7545454545454545,
    "f1-score": 0.8282223302544157,
    "support": 110
  }
}