{
  "movie_search_by_director": {
    "precision": 1.0,
    "recall": 0.9,
    "f1-score": 0.9473684210526316,
    "support": 10
  },
  "search_overview_for_movie": {
    "precision": 0.7777777777777778,
    "recall": 0.7,
    "f1-score": 0.7368421052631577,
    "support": 10
  },
  "release_year_search_by_movie": {
    "precision": 0.7333333333333333,
    "recall": 0.8461538461538461,
    "f1-score": 0.7857142857142856,
    "support": 13
  },
  "search_movie_actors": {
    "precision": 1.0,
    "recall": 1.0,
    "f1-score": 1.0,
    "support": 11
  },
  "micro avg": {
    "precision": 0.8636363636363636,
    "recall": 0.8636363636363636,
    "f1-score": 0.8636363636363636,
    "support": 44
  },
  "macro avg": {
    "precision": 0.8777777777777778,
    "recall": 0.8615384615384616,
    "f1-score": 0.8674812030075187,
    "support": 44
  },
  "weighted avg": {
    "precision": 0.8707070707070707,
    "recall": 0.8636363636363636,
    "f1-score": 0.864917976760082,
    "support": 44
  }
}