{
  "release_year_search_by_movie": {
    "precision": 0.9142857142857143,
    "recall": 0.8888888888888888,
    "f1-score": 0.9014084507042254,
    "support": 36
  },
  "movie_search_by_actor": {
    "precision": 1.0,
    "recall": 0.8181818181818182,
    "f1-score": 0.9,
    "support": 22
  },
  "movie_search_by_director": {
    "precision": 0.875,
    "recall": 0.9655172413793104,
    "f1-score": 0.9180327868852458,
    "support": 29
  },
  "search_overview_for_movie": {
    "precision": 0.7692307692307693,
    "recall": 0.9090909090909091,
    "f1-score": 0.8333333333333333,
    "support": 11
  },
  "search_movie_director": {
    "precision": 1.0,
    "recall": 0.8666666666666667,
    "f1-score": 0.9285714285714286,
    "support": 15
  },
  "search_movie_actors": {
    "precision": 0.9230769230769231,
    "recall": 0.96,
    "f1-score": 0.9411764705882353,
    "support": 25
  },
  "search_similar_movies": {
    "precision": 0.9166666666666666,
    "recall": 1.0,
    "f1-score": 0.9565217391304348,
    "support": 11
  },
  "micro avg": {
    "precision": 0.912751677852349,
    "recall": 0.912751677852349,
    "f1-score": 0.912751677852349,
    "support": 149
  },
  "macro avg": {
    "precision": 0.9140371533228676,
    "recall": 0.9154779320296562,
    "f1-score": 0.9112920298875576,
    "support": 149
  },
  "weighted avg": {
    "precision": 0.918866312658259,
    "recall": 0.912751677852349,
    "f1-score": 0.912886201579886,
    "support": 149
  }
}