{
  "actor": {
    "precision": 0.7894736842105263,
    "recall": 1.0,
    "f1-score": 0.8823529411764706,
    "support": 45
  },
  "movie_title": {
    "precision": 1.0,
    "recall": 0.991869918699187,
    "f1-score": 0.9959183673469388,
    "support": 246
  },
  "director": {
    "precision": 1.0,
    "recall": 0.7096774193548387,
    "f1-score": 0.8301886792452831,
    "support": 62
  },
  "release": {
    "precision": 1.0,
    "recall": 1.0,
    "f1-score": 1.0,
    "support": 5
  },
  "micro avg": {
    "precision": 0.9657142857142857,
    "recall": 0.9441340782122905,
    "f1-score": 0.9548022598870056,
    "support": 358
  },
  "macro avg": {
    "precision": 0.9473684210526316,
    "recall": 0.9253868345135063,
    "f1-score": 0.927114996942173,
    "support": 358
  },
  "weighted avg": {
    "precision": 0.973537194942664,
    "recall": 0.9441340782122905,
    "f1-score": 0.9529986000935633,
    "support": 358
  }
}