{
  "movie_title": {
    "precision": 0.9392523364485982,
    "recall": 0.9013452914798207,
    "f1-score": 0.919908466819222,
    "support": 223
  },
  "actor": {
    "precision": 0.967741935483871,
    "recall": 0.6666666666666666,
    "f1-score": 0.7894736842105263,
    "support": 45
  },
  "director": {
    "precision": 0.8888888888888888,
    "recall": 0.7741935483870968,
    "f1-score": 0.8275862068965517,
    "support": 62
  },
  "micro avg": {
    "precision": 0.9331103678929766,
    "recall": 0.8454545454545455,
    "f1-score": 0.8871224165341812,
    "support": 330
  },
  "macro avg": {
    "precision": 0.9319610536071193,
    "recall": 0.780735168844528,
    "f1-score": 0.8456561193087667,
    "support": 330
  },
  "weighted avg": {
    "precision": 0.9336750582906748,
    "recall": 0.8454545454545455,
    "f1-score": 0.8847765112658982,
    "support": 330
  }
}